DATE,DEXTAUS
2010-10-12,30.9800
2010-10-13,30.8400
2010-10-14,30.6600
2010-10-15,30.6600
2010-10-18,30.7500
2010-10-19,30.8900
2010-10-20,30.8300
2010-10-21,30.7400
2010-10-22,30.8300
2010-10-25,30.4200
2010-10-26,30.6500
2010-10-27,30.7400
2010-10-28,30.6300
2010-10-29,30.6000
2010-11-01,30.5000
2010-11-02,30.4500
2010-11-03,30.4200
2010-11-04,30.1700
2010-11-05,30.1900
2010-11-08,30.1800
2010-11-09,30.1400
2010-11-10,30.1200
2010-11-11,.
2010-11-12,30.2200
2010-11-15,30.1900
2010-11-16,30.2500
2010-11-17,30.4400
2010-11-18,30.2700
2010-11-19,30.2700
2010-11-22,30.1500
2010-11-23,30.5100
2010-11-24,30.4400
2010-11-25,.
2010-11-26,30.4600
2010-11-29,30.5200
2010-11-30,30.4700
2010-12-01,30.3700
2010-12-02,30.3400
2010-12-03,30.2200
2010-12-06,30.1400
2010-12-07,30.0800
2010-12-08,30.1600
2010-12-09,30.1600
2010-12-10,30.1700
2010-12-13,30.0100
2010-12-14,29.8900
2010-12-15,29.8700
2010-12-16,29.8500
2010-12-17,29.9000
2010-12-20,29.9200
2010-12-21,29.8500
2010-12-22,29.8200
2010-12-23,29.8200
2010-12-24,.
2010-12-27,29.4800
2010-12-28,29.4600
2010-12-29,29.2800
2010-12-30,29.1400
2010-12-31,.
2011-01-03,29.0800
2011-01-04,29.1700
2011-01-05,29.1700
2011-01-06,29.2600
2011-01-07,29.3600
2011-01-10,29.2600
2011-01-11,29.1300
2011-01-12,29.1800
2011-01-13,28.9800
2011-01-14,29.0200
2011-01-17,.
2011-01-18,29.0200
2011-01-19,29.0200
2011-01-20,29.2400
2011-01-21,29.0800
2011-01-24,29.0500
2011-01-25,29.0200
2011-01-26,29.0600
2011-01-27,29.0300
2011-01-28,29.0500
2011-01-31,29.0300
2011-02-01,29.0200
2011-02-02,29.0200
2011-02-03,29.0300
2011-02-04,29.0300
2011-02-07,29.0300
2011-02-08,28.9000
2011-02-09,28.7800
2011-02-10,28.9300
2011-02-11,29.1700
2011-02-14,29.3500
2011-02-15,29.4300
2011-02-16,29.4300
2011-02-17,29.4200
2011-02-18,29.4000
2011-02-21,.
2011-02-22,29.5300
2011-02-23,29.5700
2011-02-24,29.7600
2011-02-25,29.7400
2011-02-28,29.7400
2011-03-01,29.5400
2011-03-02,29.6300
2011-03-03,29.4700
2011-03-04,29.3600
2011-03-07,29.3500
2011-03-08,29.4200
2011-03-09,29.3500
2011-03-10,29.4600
2011-03-11,29.5600
2011-03-14,29.4800
2011-03-15,29.5400
2011-03-16,29.5300
2011-03-17,29.5500
2011-03-18,29.5900
2011-03-21,29.5600
2011-03-22,29.5600
2011-03-23,29.5700
2011-03-24,29.5700
2011-03-25,29.4300
2011-03-28,29.4800
2011-03-29,29.4700
2011-03-30,29.4700
2011-03-31,29.4000
2011-04-01,29.2500
2011-04-04,29.2400
2011-04-05,29.3100
2011-04-06,28.9900
2011-04-07,28.9400
2011-04-08,28.9200
2011-04-11,28.9800
2011-04-12,29.0800
2011-04-13,29.0000
2011-04-14,29.0000
2011-04-15,29.0400
2011-04-18,29.0800
2011-04-19,29.0700
2011-04-20,29.0000
2011-04-21,28.8500
2011-04-22,28.8800
2011-04-25,28.8900
2011-04-26,28.9000
2011-04-27,28.8600
2011-04-28,28.6800
2011-04-29,28.6700
2011-05-02,28.6700
2011-05-03,28.5600
2011-05-04,28.5600
2011-05-05,28.6200
2011-05-06,28.6000
2011-05-09,28.6100
2011-05-10,28.5900
2011-05-11,28.5000
2011-05-12,28.5800
2011-05-13,28.6400
2011-05-16,28.8000
2011-05-17,28.8400
2011-05-18,28.8400
2011-05-19,28.8200
2011-05-20,28.8100
2011-05-23,28.9000
2011-05-24,28.9200
2011-05-25,28.9900
2011-05-26,28.8900
2011-05-27,28.8700
2011-05-30,.
2011-05-31,28.6400
2011-06-01,28.5800
2011-06-02,28.7700
2011-06-03,28.6600
2011-06-06,28.6200
2011-06-07,28.7200
2011-06-08,28.7100
2011-06-09,28.7100
2011-06-10,28.7800
2011-06-13,28.8200
2011-06-14,28.8400
2011-06-15,28.8200
2011-06-16,28.9200
2011-06-17,28.9900
2011-06-20,28.9500
2011-06-21,28.8600
2011-06-22,28.8400
2011-06-23,28.8600
2011-06-24,28.8800
2011-06-27,28.9400
2011-06-28,28.9000
2011-06-29,28.9000
2011-06-30,28.7900
2011-07-01,28.7500
2011-07-04,.
2011-07-05,28.7700
2011-07-06,28.8300
2011-07-07,28.8100
2011-07-08,28.7500
2011-07-11,28.8200
2011-07-12,28.9100
2011-07-13,28.8700
2011-07-14,28.8100
2011-07-15,28.8700
2011-07-18,28.9300
2011-07-19,28.8800
2011-07-20,28.8600
2011-07-21,28.8800
2011-07-22,28.8100
2011-07-25,28.8500
2011-07-26,28.8200
2011-07-27,28.7700
2011-07-28,28.8300
2011-07-29,28.8800
2011-08-01,28.8000
2011-08-02,28.8600
2011-08-03,28.9200
2011-08-04,28.9400
2011-08-05,29.0100
2011-08-08,28.9800
2011-08-09,29.0200
2011-08-10,28.9500
2011-08-11,28.9800
2011-08-12,28.9700
2011-08-15,28.9400
2011-08-16,28.9200
2011-08-17,28.9500
2011-08-18,28.9700
2011-08-19,29.0000
2011-08-22,29.0100
2011-08-23,28.9600
2011-08-24,29.0100
2011-08-25,29.0000
2011-08-26,29.0300
2011-08-29,29.0200
2011-08-30,29.0200
2011-08-31,28.9900
2011-09-01,28.9300
2011-09-02,29.0000
2011-09-05,.
2011-09-06,29.1000
2011-09-07,29.1000
2011-09-08,29.1400
2011-09-09,29.2000
2011-09-12,29.2800
2011-09-13,29.4700
2011-09-14,29.5700
2011-09-15,29.6200
2011-09-16,29.5400
2011-09-19,29.7300
2011-09-20,29.8800
2011-09-21,29.9400
2011-09-22,30.4000
2011-09-23,30.3800
2011-09-26,30.4800
2011-09-27,30.4600
2011-09-28,30.4100
2011-09-29,30.4500
2011-09-30,30.4500
2011-10-03,30.6200
2011-10-04,30.6700
2011-10-05,30.6200
2011-10-06,30.6000
2011-10-07,30.4700
2011-10-10,.
2011-10-11,30.3200
2011-10-12,30.3500
2011-10-13,30.2600
2011-10-14,30.2800
2011-10-17,30.1100
2011-10-18,30.1600
2011-10-19,30.1200
2011-10-20,30.2500
2011-10-21,30.2700
2011-10-24,30.0600
2011-10-25,30.1100
2011-10-26,30.1000
2011-10-27,30.0400
2011-10-28,29.8600
2011-10-31,29.9100
2011-11-01,30.0700
2011-11-02,30.0800
2011-11-03,30.2000
2011-11-04,30.0200
2011-11-07,30.1200
2011-11-08,30.1000
2011-11-09,30.0500
2011-11-10,30.2300
2011-11-11,.
2011-11-14,30.1700
2011-11-15,30.2400
2011-11-16,30.2100
2011-11-17,30.1900
2011-11-18,30.2400
2011-11-21,30.3300
2011-11-22,30.3000
2011-11-23,30.3900
2011-11-24,.
2011-11-25,30.4300
2011-11-28,30.3700
2011-11-29,30.3800
2011-11-30,30.3100
2011-12-01,30.1000
2011-12-02,30.1400
2011-12-05,30.1300
2011-12-06,30.2200
2011-12-07,30.1500
2011-12-08,30.1600
2011-12-09,30.2100
2011-12-12,30.2000
2011-12-13,30.2400
2011-12-14,30.3200
2011-12-15,30.3600
2011-12-16,30.3500
2011-12-19,30.3800
2011-12-20,30.3300
2011-12-21,30.2800
2011-12-22,30.2500
2011-12-23,30.2700
2011-12-26,.
2011-12-27,30.3000
2011-12-28,30.3500
2011-12-29,30.2500
2011-12-30,30.2700
2012-01-02,.
2012-01-03,30.2800
2012-01-04,30.2700
2012-01-05,30.2400
2012-01-06,30.2300
2012-01-09,30.1700
2012-01-10,30.0300
2012-01-11,29.9600
2012-01-12,29.9600
2012-01-13,29.9800
2012-01-16,.
2012-01-17,29.9500
2012-01-18,29.9600
2012-01-19,29.9500
2012-01-20,29.9500
2012-01-23,29.9500
2012-01-24,29.8700
2012-01-25,29.9500
2012-01-26,29.9600
2012-01-27,29.7500
2012-01-30,29.7800
2012-01-31,29.6100
2012-02-01,29.6490
2012-02-02,29.4700
2012-02-03,29.4700
2012-02-06,29.6000
2012-02-07,29.5300
2012-02-08,29.5100
2012-02-09,29.4600
2012-02-10,29.5600
2012-02-13,29.4700
2012-02-14,29.5600
2012-02-15,29.5100
2012-02-16,29.5500
2012-02-17,29.5600
2012-02-20,.
2012-02-21,29.5800
2012-02-22,29.5900
2012-02-23,29.5800
2012-02-24,29.5300
2012-02-27,29.5700
2012-02-28,29.5600
2012-02-29,29.3700
2012-03-01,29.3700
2012-03-02,29.4300
2012-03-05,29.4800
2012-03-06,29.5180
2012-03-07,29.5200
2012-03-08,29.4700
2012-03-09,29.4100
2012-03-12,29.5500
2012-03-13,29.5100
2012-03-14,29.5400
2012-03-15,29.5300
2012-03-16,29.5400
2012-03-19,29.4900
2012-03-20,29.5600
2012-03-21,29.5500
2012-03-22,29.5400
2012-03-23,29.5600
2012-03-26,29.6100
2012-03-27,29.5500
2012-03-28,29.5400
2012-03-29,29.5800
2012-03-30,29.5000
2012-04-02,29.4900
2012-04-03,29.4600
2012-04-04,29.5200
2012-04-05,29.5000
2012-04-06,29.5000
2012-04-09,29.5500
2012-04-10,29.5400
2012-04-11,29.5000
2012-04-12,29.4500
2012-04-13,29.4800
2012-04-16,29.4900
2012-04-17,29.4800
2012-04-18,29.4900
2012-04-19,29.4900
2012-04-20,29.4500
2012-04-23,29.4800
2012-04-24,29.4500
2012-04-25,29.4100
2012-04-26,29.2300
2012-04-27,29.2000
2012-04-30,29.1500
2012-05-01,29.1100
2012-05-02,29.1800
2012-05-03,29.2300
2012-05-04,29.2400
2012-05-07,29.3500
2012-05-08,29.3200
2012-05-09,29.3500
2012-05-10,29.3200
2012-05-11,29.3600
2012-05-14,29.5500
2012-05-15,29.5500
2012-05-16,29.6300
2012-05-17,29.5600
2012-05-18,29.5600
2012-05-21,29.4700
2012-05-22,29.4900
2012-05-23,29.5900
2012-05-24,29.5500
2012-05-25,29.6000
2012-05-28,.
2012-05-29,29.6200
2012-05-30,29.7700
2012-05-31,29.8700
2012-06-01,29.9300
2012-06-04,30.0200
2012-06-05,29.9300
2012-06-06,29.8600
2012-06-07,29.7800
2012-06-08,29.9400
2012-06-11,29.9100
2012-06-12,29.9400
2012-06-13,29.9200
2012-06-14,29.9300
2012-06-15,29.8900
2012-06-18,29.9300
2012-06-19,29.8500
2012-06-20,29.8400
2012-06-21,29.8300
2012-06-22,29.9100
2012-06-25,29.9700
2012-06-26,29.9700
2012-06-27,29.9200
2012-06-28,29.9400
2012-06-29,29.8000
2012-07-02,29.9000
2012-07-03,29.8100
2012-07-04,.
2012-07-05,29.8500
2012-07-06,29.9300
2012-07-09,29.9500
2012-07-10,29.9300
2012-07-11,29.9200
2012-07-12,30.0400
2012-07-13,29.9300
2012-07-16,29.9600
2012-07-17,29.9500
2012-07-18,29.9800
2012-07-19,29.9400
2012-07-20,29.9700
2012-07-23,30.1100
2012-07-24,30.1200
2012-07-25,30.1300
2012-07-26,30.0800
2012-07-27,30.0200
2012-07-30,30.0000
2012-07-31,29.9100
2012-08-01,29.9500
2012-08-02,30.0300
2012-08-03,29.9200
2012-08-06,29.9000
2012-08-07,29.9000
2012-08-08,29.9700
2012-08-09,29.9200
2012-08-10,29.9300
2012-08-13,29.9700
2012-08-14,29.9500
2012-08-15,29.9800
2012-08-16,29.9700
2012-08-17,29.9900
2012-08-20,29.9800
2012-08-21,29.9100
2012-08-22,29.9400
2012-08-23,29.9600
2012-08-24,29.9400
2012-08-27,29.9400
2012-08-28,29.9100
2012-08-29,29.9200
2012-08-30,29.9300
2012-08-31,29.8700
2012-09-03,.
2012-09-04,29.8200
2012-09-05,29.8300
2012-09-06,29.7600
2012-09-07,29.6800
2012-09-10,29.6300
2012-09-11,29.5900
2012-09-12,29.5800
2012-09-13,29.5800
2012-09-14,29.3100
2012-09-17,29.2700
2012-09-18,29.3500
2012-09-19,29.3400
2012-09-20,29.3200
2012-09-21,29.2700
2012-09-24,29.3400
2012-09-25,29.3200
2012-09-26,29.4100
2012-09-27,29.3600
2012-09-28,29.2900
2012-10-01,29.2700
2012-10-02,29.2700
2012-10-03,29.2900
2012-10-04,29.2800
2012-10-05,29.1800
2012-10-08,.
2012-10-09,29.3100
2012-10-10,29.3000
2012-10-11,29.2300
2012-10-12,29.1900
2012-10-15,29.2100
2012-10-16,29.1700
2012-10-17,29.1500
2012-10-18,29.2200
2012-10-19,29.2600
2012-10-22,29.2200
2012-10-23,29.3100
2012-10-24,29.2800
2012-10-25,29.2200
2012-10-26,29.2600
2012-10-29,29.2800
2012-10-30,29.2200
2012-10-31,29.2000
2012-11-01,29.2000
2012-11-02,29.2300
2012-11-05,29.2600
2012-11-06,29.2400
2012-11-07,29.1400
2012-11-08,29.1000
2012-11-09,29.0200
2012-11-12,.
2012-11-13,28.9900
2012-11-14,28.9600
2012-11-15,29.0300
2012-11-16,29.1600
2012-11-19,29.1100
2012-11-20,29.1000
2012-11-21,29.1200
2012-11-22,.
2012-11-23,29.1200
2012-11-26,29.0900
2012-11-27,29.1200
2012-11-28,29.1500
2012-11-29,29.0800
2012-11-30,29.0700
2012-12-03,29.0700
2012-12-04,29.1000
2012-12-05,29.0700
2012-12-06,29.0600
2012-12-07,29.0500
2012-12-10,29.0700
2012-12-11,29.0400
2012-12-12,29.0400
2012-12-13,29.0600
2012-12-14,29.0400
2012-12-17,29.0300
2012-12-18,29.0200
2012-12-19,29.0000
2012-12-20,29.0300
2012-12-21,29.0500
2012-12-24,29.0500
2012-12-25,.
2012-12-26,29.0000
2012-12-27,29.0300
2012-12-28,29.0300
2012-12-31,29.0500
2013-01-01,.
2013-01-02,29.0000
2013-01-03,28.9900
2013-01-04,29.0200
2013-01-07,28.9900
2013-01-08,29.0300
2013-01-09,29.0000
2013-01-10,28.9300
2013-01-11,28.9300
2013-01-14,28.9500
2013-01-15,28.9500
2013-01-16,28.9800
2013-01-17,28.9600
2013-01-18,28.9700
2013-01-21,.
2013-01-22,28.9800
2013-01-23,29.0000
2013-01-24,29.0700
2013-01-25,29.3200
2013-01-28,29.5100
2013-01-29,29.4500
2013-01-30,29.5300
2013-01-31,29.5400
2013-02-01,29.5900
2013-02-04,29.6000
2013-02-05,29.5200
2013-02-06,29.5900
2013-02-07,29.6100
2013-02-08,29.7000
2013-02-11,29.7300
2013-02-12,29.7100
2013-02-13,29.7000
2013-02-14,29.6200
2013-02-15,29.6100
2013-02-18,.
2013-02-19,29.5200
2013-02-20,29.5500
2013-02-21,29.6600
2013-02-22,29.6400
2013-02-25,29.6500
2013-02-26,29.6800
2013-02-27,29.6600
2013-02-28,29.6700
2013-03-01,29.6600
2013-03-04,29.7000
2013-03-05,29.6300
2013-03-06,29.6400
2013-03-07,29.6300
2013-03-08,29.6800
2013-03-11,29.6900
2013-03-12,29.6700
2013-03-13,29.7000
2013-03-14,29.7200
2013-03-15,29.7200
2013-03-18,29.7500
2013-03-19,29.7600
2013-03-20,29.7700
2013-03-21,29.8000
2013-03-22,29.8700
2013-03-25,29.8600
2013-03-26,29.8300
2013-03-27,29.8800
2013-03-28,29.8700
2013-03-29,29.8100
2013-04-01,29.8600
2013-04-02,29.8700
2013-04-03,29.8600
2013-04-04,29.9300
2013-04-05,29.9500
2013-04-08,30.0600
2013-04-09,30.0100
2013-04-10,29.9600
2013-04-11,29.9100
2013-04-12,29.9500
2013-04-15,29.9000
2013-04-16,29.8500
2013-04-17,29.8800
2013-04-18,29.8600
2013-04-19,29.7700
2013-04-22,29.8100
2013-04-23,29.7900
2013-04-24,29.7600
2013-04-25,29.6400
2013-04-26,29.5900
2013-04-29,29.4600
2013-04-30,29.5200
2013-05-01,29.5000
2013-05-02,29.5500
2013-05-03,29.5300
2013-05-06,29.5600
2013-05-07,29.5200
2013-05-08,29.3100
2013-05-09,29.4200
2013-05-10,29.7000
2013-05-13,29.8700
2013-05-14,29.8800
2013-05-15,29.9600
2013-05-16,29.9600
2013-05-17,30.0100
2013-05-20,29.9000
2013-05-21,29.8200
2013-05-22,29.9200
2013-05-23,29.9000
2013-05-24,29.9200
2013-05-27,.
2013-05-28,29.9800
2013-05-29,29.9600
2013-05-30,29.9600
2013-05-31,29.9300
2013-06-03,29.9100
2013-06-04,29.8900
2013-06-05,29.8100
2013-06-06,29.7600
2013-06-07,29.7400
2013-06-10,29.9100
2013-06-11,29.8500
2013-06-12,29.8700
2013-06-13,29.8700
2013-06-14,29.8400
2013-06-17,29.8500
2013-06-18,29.8800
2013-06-19,29.7800
2013-06-20,30.1600
2013-06-21,30.1500
2013-06-24,30.2000
2013-06-25,30.0500
2013-06-26,30.0900
2013-06-27,30.0000
2013-06-28,29.9600
2013-07-01,29.9600
2013-07-02,30.0000
2013-07-03,30.0600
2013-07-04,.
2013-07-05,30.1200
2013-07-08,30.0800
2013-07-09,30.0900
2013-07-10,29.9600
2013-07-11,29.8700
2013-07-12,29.8700
2013-07-15,29.8200
2013-07-16,29.7600
2013-07-17,29.7900
2013-07-18,29.9300
2013-07-19,29.8800
2013-07-22,29.8700
2013-07-23,29.9100
2013-07-24,29.9100
2013-07-25,29.9400
2013-07-26,29.9000
2013-07-29,29.9200
2013-07-30,29.9500
2013-07-31,30.0300
2013-08-01,30.0400
2013-08-02,29.9700
2013-08-05,29.9200
2013-08-06,29.9100
2013-08-07,29.9500
2013-08-08,29.8700
2013-08-09,29.9100
2013-08-12,29.9500
2013-08-13,29.9800
2013-08-14,29.9700
2013-08-15,29.9800
2013-08-16,29.8800
2013-08-19,29.9600
2013-08-20,29.9000
2013-08-21,29.9400
2013-08-22,29.9500
2013-08-23,29.8900
2013-08-26,29.9500
2013-08-27,29.9900
2013-08-28,29.9400
2013-08-29,29.9300
2013-08-30,29.9300
2013-09-02,.
2013-09-03,29.7800
2013-09-04,29.6900
2013-09-05,29.8100
2013-09-06,29.7200
2013-09-09,29.6300
2013-09-10,29.6200
2013-09-11,29.6400
2013-09-12,29.6600
2013-09-13,29.6800
2013-09-16,29.5800
2013-09-17,29.6200
2013-09-18,29.6200
2013-09-19,29.5100
2013-09-20,29.5600
2013-09-23,29.5500
2013-09-24,29.5700
2013-09-25,29.5500
2013-09-26,29.5600
2013-09-27,29.5400
2013-09-30,29.5600
2013-10-01,29.4900
2013-10-02,29.4400
2013-10-03,29.3200
2013-10-04,29.3200
2013-10-07,29.3400
2013-10-08,29.3500
2013-10-09,29.3800
2013-10-10,29.3700
2013-10-11,29.3300
2013-10-14,.
2013-10-15,29.3400
2013-10-16,29.4000
2013-10-17,29.3500
2013-10-18,29.3600
2013-10-21,29.4300
2013-10-22,29.3300
2013-10-23,29.4100
2013-10-24,29.3700
2013-10-25,29.3800
2013-10-28,29.3900
2013-10-29,29.3900
2013-10-30,29.3800
2013-10-31,29.4200
2013-11-01,29.4100
2013-11-04,29.3700
2013-11-05,29.4200
2013-11-06,29.4000
2013-11-07,29.4500
2013-11-08,29.5100
2013-11-11,.
2013-11-12,29.5800
2013-11-13,29.6000
2013-11-14,29.5600
2013-11-15,29.5500
2013-11-18,29.4700
2013-11-19,29.4300
2013-11-20,29.5000
2013-11-21,29.5700
2013-11-22,29.5800
2013-11-25,29.6000
2013-11-26,29.6000
2013-11-27,29.6500
2013-11-28,.
2013-11-29,29.5900
2013-12-02,29.5900
2013-12-03,29.5500
2013-12-04,29.5700
2013-12-05,29.6100
2013-12-06,29.5700
2013-12-09,29.5300
2013-12-10,29.5400
2013-12-11,29.5900
2013-12-12,29.6200
2013-12-13,29.6200
2013-12-16,29.6300
2013-12-17,29.6200
2013-12-18,29.6800
2013-12-19,29.9300
2013-12-20,29.8800
2013-12-23,29.9600
2013-12-24,30.0300
2013-12-25,.
2013-12-26,29.9900
2013-12-27,29.9800
2013-12-30,29.8700
2013-12-31,29.8300
2014-01-01,.
2014-01-02,29.9000
2014-01-03,29.9400
2014-01-06,30.0400
2014-01-07,30.1100
2014-01-08,30.1000
2014-01-09,30.0400
2014-01-10,29.9900
2014-01-13,29.9800
2014-01-14,30.0300
2014-01-15,30.1200
2014-01-16,30.0700
2014-01-17,30.1100
2014-01-20,.
2014-01-21,30.2200
2014-01-22,30.2300
2014-01-23,30.2000
2014-01-24,30.2300
2014-01-27,30.3100
2014-01-28,30.3100
2014-01-29,30.3100
2014-01-30,30.3000
2014-01-31,30.3100
2014-02-03,30.3300
2014-02-04,30.2900
2014-02-05,30.3400
2014-02-06,30.2800
2014-02-07,30.2900
2014-02-10,30.3200
2014-02-11,30.2900
2014-02-12,30.2700
2014-02-13,30.3200
2014-02-14,30.2500
2014-02-17,.
2014-02-18,30.2800
2014-02-19,30.2900
2014-02-20,30.3700
2014-02-21,30.3500
2014-02-24,30.3500
2014-02-25,30.3300
2014-02-26,30.2900
2014-02-27,30.2900
2014-02-28,30.2900
2014-03-03,30.3100
2014-03-04,30.2800
2014-03-05,30.2600
2014-03-06,30.2500
2014-03-07,30.2400
2014-03-10,30.3100
2014-03-11,30.3100
2014-03-12,30.3200
2014-03-13,30.3200
2014-03-14,30.3400
2014-03-17,30.3100
2014-03-18,30.4400
2014-03-19,30.4500
2014-03-20,30.6500
2014-03-21,30.5600
2014-03-24,30.5700
2014-03-25,30.5200
2014-03-26,30.5200
2014-03-27,30.5200
2014-03-28,30.4600
2014-03-31,30.4500
2014-04-01,30.2800
2014-04-02,30.2900
2014-04-03,30.2800
2014-04-04,30.2000
2014-04-07,30.2300
2014-04-08,30.1100
2014-04-09,30.0400
2014-04-10,29.9900
2014-04-11,30.0800
2014-04-14,30.1800
2014-04-15,30.2000
2014-04-16,30.1300
2014-04-17,30.1400
2014-04-18,30.1700
2014-04-21,30.2300
2014-04-22,30.3000
2014-04-23,30.3100
2014-04-24,30.2800
2014-04-25,30.2900
2014-04-28,30.2200
2014-04-29,30.1300
2014-04-30,30.1600
2014-05-01,30.1700
2014-05-02,30.1700
2014-05-05,30.0900
2014-05-06,30.0700
2014-05-07,30.0900
2014-05-08,30.0800
2014-05-09,30.1200
2014-05-12,30.1500
2014-05-13,30.2000
2014-05-14,30.1500
2014-05-15,30.1700
2014-05-16,30.1300
2014-05-19,30.1400
2014-05-20,30.1600
2014-05-21,30.1700
2014-05-22,30.1200
2014-05-23,30.0900
2014-05-26,.
2014-05-27,30.1100
2014-05-28,30.0900
2014-05-29,29.9700
2014-05-30,30.0100
2014-06-02,30.0700
2014-06-03,30.0800
2014-06-04,30.0500
2014-06-05,30.0300
2014-06-06,29.9900
2014-06-09,30.0000
2014-06-10,29.9900
2014-06-11,29.9900
2014-06-12,29.9700
2014-06-13,30.0000
2014-06-16,30.0100
2014-06-17,30.0700
2014-06-18,30.0000
2014-06-19,29.9900
2014-06-20,30.0100
2014-06-23,29.9900
2014-06-24,29.9400
2014-06-25,29.9600
2014-06-26,29.9100
2014-06-27,29.8700
2014-06-30,29.8700
2014-07-01,29.8800
2014-07-02,29.8700
2014-07-03,29.8500
2014-07-04,.
2014-07-07,29.9100
2014-07-08,29.9100
2014-07-09,29.8800
2014-07-10,29.9300
2014-07-11,29.9400
2014-07-14,29.9400
2014-07-15,30.0200
2014-07-16,29.9900
2014-07-17,30.0000
2014-07-18,30.0000
2014-07-21,29.9700
2014-07-22,29.9800
2014-07-23,29.9400
2014-07-24,29.9500
2014-07-25,29.9600
2014-07-28,29.9600
2014-07-29,29.9500
2014-07-30,29.9900
2014-07-31,30.0600
2014-08-01,30.0000
2014-08-04,29.9900
2014-08-05,30.0000
2014-08-06,30.0100
2014-08-07,30.0200
2014-08-08,29.9900
2014-08-11,30.0200
2014-08-12,30.0200
2014-08-13,30.0000
2014-08-14,29.9600
2014-08-15,29.9500
2014-08-18,29.9800
2014-08-19,29.9900
2014-08-20,29.9800
2014-08-21,29.9900
2014-08-22,29.9700
2014-08-25,29.9600
2014-08-26,29.9600
2014-08-27,29.8700
2014-08-28,29.8900
2014-08-29,29.8800
2014-09-01,.
2014-09-02,29.9400
2014-09-03,29.8900
2014-09-04,29.9100
2014-09-05,29.9000
2014-09-08,29.9300
2014-09-09,29.9700
2014-09-10,30.0000
2014-09-11,30.0200
2014-09-12,30.0400
2014-09-15,30.1400
2014-09-16,30.1300
2014-09-17,30.1600
2014-09-18,30.2300
2014-09-19,30.2100
2014-09-22,30.2700
2014-09-23,30.2200
2014-09-24,30.2200
2014-09-25,30.3200
2014-09-26,30.3400
2014-09-29,30.4700
2014-09-30,30.4400
2014-10-01,30.4300
2014-10-02,30.4300
2014-10-03,30.4900
2014-10-06,30.4200
2014-10-07,30.3800
2014-10-08,30.4300
2014-10-09,30.3700
2014-10-10,30.3800
2014-10-13,.
2014-10-14,30.4500
2014-10-15,30.3500
2014-10-16,30.3800
2014-10-17,30.3800
2014-10-20,30.3600
2014-10-21,30.3800
2014-10-22,30.3900
2014-10-23,30.4200
2014-10-24,30.3900
2014-10-27,30.3800
2014-10-28,30.3600
2014-10-29,30.3100
2014-10-30,30.3900
2014-10-31,30.4500
2014-11-03,30.4800
2014-11-04,30.5100
2014-11-05,30.5900
2014-11-06,30.5600
2014-11-07,30.5800
2014-11-10,30.5500
2014-11-11,.
2014-11-12,30.5800
2014-11-13,30.6100
2014-11-14,30.7600
2014-11-17,30.7000
2014-11-18,30.7300
2014-11-19,30.9000
2014-11-20,30.8900
2014-11-21,30.8900
2014-11-24,30.9700
2014-11-25,30.9300
2014-11-26,30.8800
2014-11-27,.
2014-11-28,30.9900
2014-12-01,31.0300
2014-12-02,31.1000
2014-12-03,31.1100
2014-12-04,31.0900
2014-12-05,31.2200
2014-12-08,31.1200
2014-12-09,31.1200
2014-12-10,31.2000
2014-12-11,31.2100
2014-12-12,31.3200
2014-12-15,31.2700
2014-12-16,31.2500
2014-12-17,31.3200
2014-12-18,31.4300
2014-12-19,31.5000
2014-12-22,31.5600
2014-12-23,31.7500
2014-12-24,31.8000
2014-12-25,.
2014-12-26,.
2014-12-29,31.7500
2014-12-30,31.6400
2014-12-31,31.6000
2015-01-01,.
2015-01-02,31.7400
2015-01-05,32.0000
2015-01-06,31.9800
2015-01-07,31.9900
2015-01-08,31.9900
2015-01-09,31.8900
2015-01-12,31.8800
2015-01-13,31.8400
2015-01-14,31.7800
2015-01-15,31.6500
2015-01-16,31.4600
2015-01-19,.
2015-01-20,31.6600
2015-01-21,31.4700
2015-01-22,31.3500
2015-01-23,31.2300
2015-01-26,31.3100
2015-01-27,31.0600
2015-01-28,31.1800
2015-01-29,31.5600
2015-01-30,31.7500
2015-02-02,31.6200
2015-02-03,31.5000
2015-02-04,31.4600
2015-02-05,31.4900
2015-02-06,31.5800
2015-02-09,31.5900
2015-02-10,31.5600
2015-02-11,31.6200
2015-02-12,31.3100
2015-02-13,31.3400
2015-02-16,.
2015-02-17,31.6000
2015-02-18,31.6700
2015-02-19,31.7400
2015-02-20,31.7600
2015-02-23,31.7500
2015-02-24,31.6500
2015-02-25,31.4300
2015-02-26,31.4100
2015-02-27,31.4400
2015-03-02,31.4000
2015-03-03,31.3500
2015-03-04,31.4200
2015-03-05,31.4400
2015-03-06,31.5900
2015-03-09,31.5200
2015-03-10,31.6600
2015-03-11,31.7100
2015-03-12,31.5800
2015-03-13,31.7100
2015-03-16,31.6300
2015-03-17,31.5800
2015-03-18,31.4800
2015-03-19,31.4800
2015-03-20,31.4100
2015-03-23,31.2800
2015-03-24,31.2400
2015-03-25,31.2400
2015-03-26,31.2100
2015-03-27,31.1900
2015-03-30,31.2800
2015-03-31,31.2400
2015-04-01,31.2400
2015-04-02,31.0500
2015-04-03,30.8700
2015-04-06,30.8800
2015-04-07,31.0600
2015-04-08,31.0800
2015-04-09,31.2400
2015-04-10,31.2300
2015-04-13,31.3300
2015-04-14,31.2100
2015-04-15,31.2300
2015-04-16,31.1000
2015-04-17,31.0500
2015-04-20,31.0700
2015-04-21,31.0800
2015-04-22,31.0600
2015-04-23,31.0300
2015-04-24,30.6800
2015-04-27,30.4400
2015-04-28,30.4200
2015-04-29,30.3700
2015-04-30,30.6400
2015-05-01,30.7000
2015-05-04,30.7100
2015-05-05,30.6300
2015-05-06,30.6000
2015-05-07,30.7800
2015-05-08,30.6800
2015-05-11,30.7900
2015-05-12,30.7300
2015-05-13,30.6400
2015-05-14,30.5500
2015-05-15,30.4200
2015-05-18,30.4700
2015-05-19,30.5000
2015-05-20,30.5400
2015-05-21,30.4300
2015-05-22,30.4300
2015-05-25,.
2015-05-26,30.6500
2015-05-27,30.6600
2015-05-28,30.6500
2015-05-29,30.8100
2015-06-01,30.8700
2015-06-02,30.8200
2015-06-03,30.7600
2015-06-04,30.9000
2015-06-05,31.0500
2015-06-08,31.1300
2015-06-09,31.0900
2015-06-10,30.8600
2015-06-11,30.9400
2015-06-12,30.9300
2015-06-15,30.9100
2015-06-16,30.8800
2015-06-17,30.9700
2015-06-18,30.6800
2015-06-19,30.7000
2015-06-22,30.7200
2015-06-23,30.8700
2015-06-24,30.9800
2015-06-25,30.9300
2015-06-26,31.0100
2015-06-29,30.8800
2015-06-30,30.8800
2015-07-01,30.9300
2015-07-02,30.8400
2015-07-03,.
2015-07-06,30.9100
2015-07-07,31.0800
2015-07-08,31.0100
2015-07-09,31.0400
2015-07-10,31.0300
2015-07-13,31.0600
2015-07-14,31.0300
2015-07-15,31.0800
2015-07-16,31.0700
2015-07-17,31.1100
2015-07-20,31.2400
2015-07-21,31.1700
2015-07-22,31.2300
2015-07-23,31.2600
2015-07-24,31.5000
2015-07-27,31.5900
2015-07-28,31.4200
2015-07-29,31.4200
2015-07-30,31.5900
2015-07-31,31.5900
2015-08-03,31.7000
2015-08-04,31.6300
2015-08-05,31.7000
2015-08-06,31.6400
2015-08-07,31.6500
2015-08-10,31.6300
2015-08-11,32.1600
2015-08-12,32.1200
2015-08-13,32.1700
2015-08-14,32.1500
2015-08-17,32.4200
2015-08-18,32.4600
2015-08-19,32.4900
2015-08-20,32.5700
2015-08-21,32.6300
2015-08-24,33.0000
2015-08-25,32.5300
2015-08-26,32.4800
2015-08-27,32.1600
2015-08-28,32.2400
2015-08-31,32.4900
2015-09-01,32.4200
2015-09-02,32.4700
2015-09-03,32.4900
2015-09-04,32.6500
2015-09-07,.
2015-09-08,32.6400
2015-09-09,32.4600
2015-09-10,32.3700
2015-09-11,32.5300
2015-09-14,32.5000
2015-09-15,32.4800
2015-09-16,32.4300
2015-09-17,32.4000
2015-09-18,32.3100
2015-09-21,32.6300
2015-09-22,32.9200
2015-09-23,32.9600
2015-09-24,33.1600
2015-09-25,33.0700
2015-09-28,33.1700
2015-09-29,33.0200
2015-09-30,32.9800
2015-10-01,32.8100
2015-10-02,32.7900
2015-10-05,32.4700
2015-10-06,32.5500
2015-10-07,32.4000
2015-10-08,32.4800
2015-10-09,32.3000
2015-10-12,.
2015-10-13,32.5100
2015-10-14,32.4200
2015-10-15,31.9200
2015-10-16,32.2100
2015-10-19,32.3800
2015-10-20,32.3200
2015-10-21,32.5000
2015-10-22,32.4300
2015-10-23,32.4900
2015-10-26,32.3400
2015-10-27,32.4200
2015-10-28,32.4500
2015-10-29,32.5200
2015-10-30,32.4600
2015-11-02,32.4600
2015-11-03,32.4600
2015-11-04,32.4300
2015-11-05,32.4600
2015-11-06,32.4600
2015-11-09,32.7900
2015-11-10,32.7700
2015-11-11,.
2015-11-12,32.7200
2015-11-13,32.8700
2015-11-16,32.8300
2015-11-17,32.7700
2015-11-18,32.7300
2015-11-19,32.4800
2015-11-20,32.4900
2015-11-23,32.6200
2015-11-24,32.5300
2015-11-25,32.4700
2015-11-26,.
2015-11-27,32.6900
2015-11-30,32.5300
2015-12-01,32.5300
2015-12-02,32.5300
2015-12-03,32.5300
2015-12-04,32.5300
2015-12-07,32.8900
2015-12-08,32.9400
2015-12-09,32.9000
2015-12-10,32.7400
2015-12-11,33.0100
2015-12-14,32.9000
2015-12-15,32.7500
2015-12-16,32.7000
2015-12-17,33.0000
2015-12-18,32.8500
2015-12-21,32.8700
2015-12-22,32.7900
2015-12-23,32.8200
2015-12-24,32.7700
2015-12-25,.
2015-12-28,32.7900
2015-12-29,32.7900
2015-12-30,32.9700
2015-12-31,32.7900
2016-01-01,.
2016-01-04,33.1500
2016-01-05,33.1400
2016-01-06,33.2700
2016-01-07,33.2000
2016-01-08,33.3400
2016-01-11,33.3800
2016-01-12,33.4100
2016-01-13,33.4100
2016-01-14,33.4900
2016-01-15,33.6100
2016-01-18,.
2016-01-19,33.5700
2016-01-20,33.7400
2016-01-21,33.5600
2016-01-22,33.4900
2016-01-25,33.5000
2016-01-26,33.4600
2016-01-27,33.5500
2016-01-28,33.5300
2016-01-29,33.4300
2016-02-01,33.4100
2016-02-02,33.5100
2016-02-03,33.4200
2016-02-04,33.0000
2016-02-05,33.3700
2016-02-08,33.4100
2016-02-09,33.2300
2016-02-10,33.0000
2016-02-11,32.9500
2016-02-12,33.0400
2016-02-15,.
2016-02-16,33.2100
2016-02-17,33.2500
2016-02-18,33.2600
2016-02-19,33.3000
2016-02-22,33.1500
2016-02-23,33.2600
2016-02-24,33.3000
2016-02-25,33.1900
2016-02-26,33.2900
2016-02-29,33.2200
2016-03-01,33.0400
2016-03-02,33.0900
2016-03-03,32.9200
2016-03-04,32.4900
2016-03-07,32.5400
2016-03-08,32.7600
2016-03-09,32.7500
2016-03-10,32.8700
2016-03-11,32.5800
2016-03-14,32.6800
2016-03-15,32.8600
2016-03-16,32.7700
2016-03-17,32.2400
2016-03-18,32.3000
2016-03-21,32.3300
2016-03-22,32.3400
2016-03-23,32.4900
2016-03-24,32.5000
2016-03-25,32.4900
2016-03-28,32.5600
2016-03-29,32.5700
2016-03-30,32.1600
2016-03-31,32.1800
2016-04-01,32.2600
2016-04-04,32.3800
2016-04-05,32.4400
2016-04-06,32.3800
2016-04-07,32.4000
2016-04-08,32.4000
2016-04-11,32.3300
2016-04-12,32.3300
2016-04-13,32.3500
2016-04-14,32.4100
2016-04-15,32.3200
2016-04-18,32.3200
2016-04-19,32.1100
2016-04-20,32.1800
2016-04-21,32.2700
2016-04-22,32.3600
2016-04-25,32.3400
2016-04-26,32.2700
2016-04-27,32.3600
2016-04-28,32.2300
2016-04-29,32.2800
2016-05-02,32.2200
2016-05-03,32.3200
2016-05-04,32.3900
2016-05-05,32.4000
2016-05-06,32.3800
2016-05-09,32.5400
2016-05-10,32.5400
2016-05-11,32.4900
2016-05-12,32.5900
2016-05-13,32.6600
2016-05-16,32.6500
2016-05-17,32.5600
2016-05-18,32.7600
2016-05-19,32.7500
2016-05-20,32.6900
2016-05-23,32.5800
2016-05-24,32.6400
2016-05-25,32.5500
2016-05-26,32.4900
2016-05-27,32.5400
2016-05-30,.
2016-05-31,32.5800
2016-06-01,32.6200
2016-06-02,32.6000
2016-06-03,32.2800
2016-06-06,32.2500
2016-06-07,32.1600
2016-06-08,32.1300
2016-06-09,32.2700
2016-06-10,32.2900
2016-06-13,32.3700
2016-06-14,32.3900
2016-06-15,32.3100
2016-06-16,32.3700
2016-06-17,32.3400
2016-06-20,32.2200
2016-06-21,32.1500
2016-06-22,32.0700
2016-06-23,31.9900
2016-06-24,32.3600
2016-06-27,32.5300
2016-06-28,32.4100
2016-06-29,32.2700
2016-06-30,32.2200
2016-07-01,32.2000
2016-07-04,.
2016-07-05,32.3300
2016-07-06,32.3600
2016-07-07,32.3200
2016-07-08,32.2300
2016-07-11,32.2100
2016-07-12,32.1300
2016-07-13,32.1600
2016-07-14,31.9400
2016-07-15,31.9200
2016-07-18,31.9300
2016-07-19,32.0600
2016-07-20,32.0700
2016-07-21,31.9800
2016-07-22,32.0300
2016-07-25,32.2000
2016-07-26,32.1100
2016-07-27,32.0600
2016-07-28,31.9600
2016-07-29,31.8200
2016-08-01,31.5500
2016-08-02,31.5700
2016-08-03,31.6600
2016-08-04,31.6200
2016-08-05,31.5400
2016-08-08,31.4500
2016-08-09,31.2800
2016-08-10,31.0500
2016-08-11,31.2500
2016-08-12,31.3800
2016-08-15,31.3100
2016-08-16,31.2600
2016-08-17,31.5300
2016-08-18,31.4000
2016-08-19,31.6400
2016-08-22,31.8000
2016-08-23,31.7800
2016-08-24,31.7900
2016-08-25,31.6800
2016-08-26,31.6400
2016-08-29,31.7000
2016-08-30,31.7400
2016-08-31,31.7400
2016-09-01,31.7200
2016-09-02,31.6600
2016-09-05,.
2016-09-06,31.1800
2016-09-07,31.2400
2016-09-08,31.3200
2016-09-09,31.5800
2016-09-12,31.7000
2016-09-13,31.7700
2016-09-14,31.6800
2016-09-15,31.6800
2016-09-16,31.7000
2016-09-19,31.3700
2016-09-20,31.3100
2016-09-21,31.2800
2016-09-22,31.3000
2016-09-23,31.3400
2016-09-26,31.4100
2016-09-27,31.3700
2016-09-28,31.3500
2016-09-29,31.3500
2016-09-30,31.2700
2016-10-03,31.3600
2016-10-04,31.4300
2016-10-05,31.4500
2016-10-06,31.5000
2016-10-07,31.4700
2016-10-10,.
2016-10-11,31.6400
2016-10-12,31.6300
2016-10-13,31.7400
2016-10-14,31.7600
2016-10-17,31.7900
2016-10-18,31.5300
2016-10-19,31.4400
2016-10-20,31.5800
2016-10-21,31.7500
2016-10-24,31.6800
2016-10-25,31.5300
2016-10-26,31.5900
2016-10-27,31.7000
2016-10-28,31.6100
2016-10-31,31.5400
2016-11-01,31.5400
2016-11-02,31.5200
2016-11-03,31.5400
2016-11-04,31.5400
2016-11-07,31.4500
2016-11-08,31.4100
2016-11-09,31.5300
2016-11-10,31.7700
2016-11-11,.
2016-11-14,31.9900
2016-11-15,31.8300
2016-11-16,31.8500
2016-11-17,31.9300
2016-11-18,32.0100
2016-11-21,31.8900
2016-11-22,31.8500
2016-11-23,31.9900
2016-11-24,.
2016-11-25,31.8500
2016-11-28,31.7600
2016-11-29,31.8200
2016-11-30,31.9200
2016-12-01,31.9300
2016-12-02,31.8800
2016-12-05,32.0100
2016-12-06,31.9200
2016-12-07,31.7200
2016-12-08,31.7300
2016-12-09,31.8000
2016-12-12,31.7700
2016-12-13,31.7700
2016-12-14,31.7300
2016-12-15,32.0000
2016-12-16,31.9400
2016-12-19,31.9800
2016-12-20,32.0600
2016-12-21,32.0500
2016-12-22,32.1900
2016-12-23,32.1800
2016-12-26,.
2016-12-27,32.2700
2016-12-28,32.4200
2016-12-29,32.2600
2016-12-30,32.4000
2017-01-02,.
2017-01-03,32.3700
2017-01-04,32.1600
2017-01-05,31.7800
2017-01-06,32.0000
2017-01-09,32.0200
2017-01-10,31.9200
2017-01-11,31.9000
2017-01-12,31.4900
2017-01-13,31.6000
2017-01-16,.
2017-01-17,31.3800
2017-01-18,31.5300
2017-01-19,31.6000
2017-01-20,.
2017-01-23,31.4100
2017-01-24,31.3100
2017-01-25,31.3100
2017-01-26,31.4200
2017-01-27,31.5000
2017-01-30,31.3800
2017-01-31,31.1900
2017-02-01,31.1700
2017-02-02,31.0000
2017-02-03,30.7900
2017-02-06,30.8900
2017-02-07,31.0600
2017-02-08,31.0300
2017-02-09,31.0600
2017-02-10,30.9400
2017-02-13,30.9600
2017-02-14,30.7800
2017-02-15,30.7300
2017-02-16,30.7500
2017-02-17,30.9000
2017-02-20,.
2017-02-21,30.8000
2017-02-22,30.7700
2017-02-23,30.6100
2017-02-24,30.6400
2017-02-27,30.7200
2017-02-28,30.6400
2017-03-01,30.7600
2017-03-02,30.8800
2017-03-03,31.0300
2017-03-06,30.9500
2017-03-07,30.9200
2017-03-08,30.9300
2017-03-09,31.0100
2017-03-10,30.9900
2017-03-13,30.9900
2017-03-14,30.9400
2017-03-15,30.8300
2017-03-16,30.9400
2017-03-17,30.5200
2017-03-20,30.3800
2017-03-21,30.4300
2017-03-22,30.4500
2017-03-23,30.4600
2017-03-24,30.3200
2017-03-27,30.1400
2017-03-28,30.1700
2017-03-29,30.2100
2017-03-30,30.2900
2017-03-31,30.3800
2017-04-03,30.3300
2017-04-04,30.4700
2017-04-05,30.4000
2017-04-06,30.5100
2017-04-07,30.5600
2017-04-10,30.5700
2017-04-11,30.6300
2017-04-12,30.5500
2017-04-13,30.3200
2017-04-14,30.3100
2017-04-17,30.3200
2017-04-18,30.3900
2017-04-19,30.4000
2017-04-20,30.3700
2017-04-21,30.3400
2017-04-24,30.2300
2017-04-25,30.0600
2017-04-26,30.1000
2017-04-27,30.1200
2017-04-28,30.1900
2017-05-01,30.1600
2017-05-02,30.0200
2017-05-03,30.0500
2017-05-04,30.1200
2017-05-05,30.1800
2017-05-08,30.1300
2017-05-09,30.2400
2017-05-10,30.2000
2017-05-11,30.1800
2017-05-12,30.1500
2017-05-15,30.0400
2017-05-16,30.0900
2017-05-17,30.1000
2017-05-18,30.3000
2017-05-19,30.0200
2017-05-22,30.0100
2017-05-23,30.1600
2017-05-24,30.1500
2017-05-25,30.0800
2017-05-26,30.1800
2017-05-29,.
2017-05-30,30.1500
2017-05-31,30.1100
2017-06-01,30.0900
2017-06-02,30.0900
2017-06-05,30.0700
2017-06-06,30.0900
2017-06-07,30.0900
2017-06-08,30.1100
2017-06-09,30.1200
2017-06-12,30.2200
2017-06-13,30.2300
2017-06-14,30.0800
2017-06-15,30.3500
2017-06-16,30.3100
2017-06-19,30.3700
2017-06-20,30.4500
2017-06-21,30.4400
2017-06-22,30.4400
2017-06-23,30.2900
2017-06-26,30.3000
2017-06-27,30.3200
2017-06-28,30.4100
2017-06-29,30.4600
2017-06-30,30.3800
2017-07-03,30.4900
2017-07-04,.
2017-07-05,30.5600
2017-07-06,30.6100
2017-07-07,30.5600
2017-07-10,30.5600
2017-07-11,30.5300
2017-07-12,30.3800
2017-07-13,30.3600
2017-07-14,30.2600
2017-07-17,30.3700
2017-07-18,30.3400
2017-07-19,30.3700
2017-07-20,30.3800
2017-07-21,30.4100
2017-07-24,30.3400
2017-07-25,30.3200
2017-07-26,30.3600
2017-07-27,30.1800
2017-07-28,30.2600
2017-07-31,30.2000
2017-08-01,30.2400
2017-08-02,30.2200
2017-08-03,30.1900
2017-08-04,30.1800
2017-08-07,30.2100
2017-08-08,30.1800
2017-08-09,30.2400
2017-08-10,30.3400
2017-08-11,30.3500
2017-08-14,30.2800
2017-08-15,30.3200
2017-08-16,30.3200
2017-08-17,30.3200
2017-08-18,30.3300
2017-08-21,30.3100
2017-08-22,30.2800
2017-08-23,30.2600
2017-08-24,30.2400
2017-08-25,30.0900
2017-08-28,30.1300
2017-08-29,30.0700
2017-08-30,30.1300
2017-08-31,30.1300
2017-09-01,30.0600
2017-09-04,.
2017-09-05,30.0500
2017-09-06,30.0800
2017-09-07,29.9300
2017-09-08,30.0500
2017-09-11,30.0100
2017-09-12,30.0400
2017-09-13,30.0500
2017-09-14,30.1000
2017-09-15,30.0600
2017-09-18,30.1400
2017-09-19,30.1200
2017-09-20,30.0800
2017-09-21,30.1900
2017-09-22,30.1600
2017-09-25,30.2500
2017-09-26,30.2300
2017-09-27,30.3100
2017-09-28,30.3700
2017-09-29,30.3300
2017-10-02,30.3800
2017-10-03,30.4400
2017-10-04,30.4300
2017-10-05,30.3300
2017-10-06,30.3600
2017-10-09,.
2017-10-10,30.2800
2017-10-11,30.2300
2017-10-12,30.1700
2017-10-13,30.1300
2017-10-16,30.1400
2017-10-17,30.1800
2017-10-18,30.2000
2017-10-19,30.2300
2017-10-20,30.2200
2017-10-23,30.2500
2017-10-24,30.2800
2017-10-25,30.2400
2017-10-26,30.2200
2017-10-27,30.2300
2017-10-30,30.2300
2017-10-31,30.1200
2017-11-01,30.1300
2017-11-02,30.1900
2017-11-03,30.2100
2017-11-06,30.1600
2017-11-07,30.1900
2017-11-08,30.1500
2017-11-09,30.2000
2017-11-10,.
2017-11-13,30.1800
2017-11-14,30.1300
2017-11-15,30.0600
2017-11-16,30.0500
2017-11-17,30.0500
2017-11-20,30.0500
2017-11-21,29.9700
2017-11-22,29.9700
2017-11-23,.
2017-11-24,29.9800
2017-11-27,30.0200
2017-11-28,29.9800
2017-11-29,30.0200
2017-11-30,29.9800
2017-12-01,30.0200
2017-12-04,29.9800
2017-12-05,30.0300
2017-12-06,30.0400
2017-12-07,30.0300
2017-12-08,30.0200
2017-12-11,30.0200
2017-12-12,30.0500
2017-12-13,30.0100
2017-12-14,30.0000
2017-12-15,29.9500
2017-12-18,29.9500
2017-12-19,29.9500
2017-12-20,29.9600
2017-12-21,29.9300
2017-12-22,29.8900
2017-12-25,.
2017-12-26,29.8900
2017-12-27,29.9500
2017-12-28,29.7800
2017-12-29,29.6400
2018-01-01,.
2018-01-02,29.5800
2018-01-03,29.5700
2018-01-04,29.6000
2018-01-05,29.4700
2018-01-08,29.5200
2018-01-09,29.6100
2018-01-10,29.5800
2018-01-11,29.5800
2018-01-12,29.6000
2018-01-15,.
2018-01-16,29.5700
2018-01-17,29.5700
2018-01-18,29.4800
2018-01-19,29.3100
2018-01-22,29.2500
2018-01-23,29.2300
2018-01-24,29.1100
2018-01-25,29.0500
2018-01-26,29.1200
2018-01-29,29.1900
2018-01-30,29.2600
2018-01-31,29.1600
2018-02-01,29.2100
2018-02-02,29.3200
2018-02-05,29.3200
2018-02-06,29.2700
2018-02-07,29.2400
2018-02-08,29.4200
2018-02-09,29.3500
2018-02-12,29.3400
2018-02-13,29.2900
2018-02-14,29.1300
2018-02-15,29.0300
2018-02-16,29.0800
2018-02-19,.
2018-02-20,29.1300
2018-02-21,29.1900
2018-02-22,29.2500
2018-02-23,29.2700
2018-02-26,29.22
2018-02-27,29.29
2018-02-28,29.32
2018-03-01,29.31
2018-03-02,29.29
2018-03-05,29.27
2018-03-06,29.21
2018-03-07,29.29
2018-03-08,29.35
2018-03-09,29.24
2018-03-12,29.25
2018-03-13,29.22
2018-03-14,29.23
2018-03-15,29.15
2018-03-16,29.13
2018-03-19,29.17
2018-03-20,29.16
2018-03-21,29.16
2018-03-22,29.19
2018-03-23,29.18
2018-03-26,29.1
2018-03-27,29.13
2018-03-28,29.12
2018-03-29,29.13
2018-03-30,29.1
2018-04-02,29.14
2018-04-03,29.16
2018-04-04,29.23
2018-04-05,29.24
2018-04-06,29.29
2018-04-09,29.24
2018-04-10,29.2
2018-04-11,29.2
2018-04-12,29.31
2018-04-13,29.32
2018-04-16,29.35
2018-04-17,29.36
2018-04-18,29.31
2018-04-19,29.39
2018-04-20,29.48
2018-04-23,29.58
2018-04-24,29.57
2018-04-25,29.72
2018-04-26,29.68
2018-04-27,29.54
2018-04-30,29.6
2018-05-01,29.68
2018-05-02,29.76
2018-05-03,29.71
2018-05-04,29.7
2018-05-07,29.82
2018-05-08,29.8
2018-05-09,29.92
2018-05-10,29.75
2018-05-11,29.77
2018-05-14,29.77
2018-05-15,29.89
2018-05-16,29.87
2018-05-17,29.93
2018-05-18,29.95
2018-05-21,29.98
2018-05-22,29.84
2018-05-23,29.98
2018-05-24,29.97
2018-05-25,29.94
2018-05-28,.
2018-05-29,30.09
2018-05-30,29.97
2018-05-31,29.99
2018-06-01,29.82
2018-06-04,29.77
2018-06-05,29.84
2018-06-06,29.7
2018-06-07,29.75
2018-06-08,29.87
2018-06-11,29.82
2018-06-12,29.83
2018-06-13,29.82
2018-06-14,29.91
2018-06-15,30.13
2018-06-18,30.18
2018-06-19,30.16
2018-06-20,30.18
2018-06-21,30.33
2018-06-22,30.35
2018-06-25,30.39
2018-06-26,30.41
2018-06-27,30.51
2018-06-28,30.58
2018-06-29,30.43
2018-07-02,30.56
2018-07-03,30.52
2018-07-04,.
2018-07-05,30.53
2018-07-06,30.46
2018-07-09,30.36
2018-07-10,30.38
2018-07-11,30.56
2018-07-12,30.46
2018-07-13,30.58
2018-07-16,30.54
2018-07-17,30.53
2018-07-18,30.61
2018-07-19,30.69
2018-07-20,30.59
2018-07-23,30.64
2018-07-24,30.63
2018-07-25,30.51
2018-07-26,30.58
2018-07-27,30.56
2018-07-30,30.57
2018-07-31,30.54
2018-08-01,30.63
2018-08-02,30.71
2018-08-03,30.57
2018-08-06,30.63
2018-08-07,30.56
2018-08-08,30.6
2018-08-09,30.64
2018-08-10,30.77
2018-08-13,30.83
2018-08-14,30.83
2018-08-15,30.85
2018-08-16,30.76
2018-08-17,30.76
2018-08-20,30.76
2018-08-21,30.7
2018-08-22,30.66
2018-08-23,30.81
2018-08-24,30.66
2018-08-27,30.68
2018-08-28,30.64
2018-08-29,30.71
2018-08-30,30.73
2018-08-31,30.7
2018-09-03,.
2018-09-04,30.79
2018-09-05,30.79
2018-09-06,30.78
2018-09-07,30.77
2018-09-10,30.84
2018-09-11,30.81
2018-09-12,30.74
2018-09-13,30.79
2018-09-14,30.77
2018-09-17,30.77
2018-09-18,30.79
2018-09-19,30.75
2018-09-20,30.76
2018-09-21,30.65
2018-09-24,30.69
2018-09-25,30.66
2018-09-26,30.65
2018-09-27,30.52
2018-09-28,30.46
2018-10-01,30.54
2018-10-02,30.55
2018-10-03,30.72
2018-10-04,30.84
2018-10-05,30.91
2018-10-08,.
2018-10-09,30.97
2018-10-10,30.99
2018-10-11,31.0
2018-10-12,30.89
2018-10-15,30.85
2018-10-16,30.82
2018-10-17,30.83
2018-10-18,30.98
2018-10-19,30.88
2018-10-22,30.92
2018-10-23,30.97
2018-10-24,30.99
2018-10-25,30.93
2018-10-26,31.0
2018-10-29,30.96
2018-10-30,30.93
2018-10-31,30.94
2018-11-01,30.75
2018-11-02,30.57
2018-11-05,30.7
2018-11-06,30.79
2018-11-07,30.64
2018-11-08,30.68
2018-11-09,30.79
2018-11-12,.
2018-11-13,30.88
2018-11-14,30.88
2018-11-15,30.81
2018-11-16,30.8
2018-11-19,30.89
2018-11-20,30.94
2018-11-21,30.84
2018-11-22,.
2018-11-23,30.93
2018-11-26,30.85
2018-11-27,30.9
2018-11-28,30.86
2018-11-29,30.79
2018-11-30,30.83
2018-12-03,30.67
2018-12-04,30.71
2018-12-05,.
2018-12-06,30.91
2018-12-07,30.92
2018-12-10,30.9
2018-12-11,30.86
2018-12-12,30.79
2018-12-13,30.84
2018-12-14,30.86
2018-12-17,30.8
2018-12-18,30.81
2018-12-19,30.72
2018-12-20,30.78
2018-12-21,30.74
2018-12-24,.
2018-12-25,.
2018-12-26,30.81
2018-12-27,30.8
2018-12-28,30.55
2018-12-31,30.61
2019-01-01,.
2019-01-02,30.78
2019-01-03,30.86
2019-01-04,30.8
2019-01-07,30.8
2019-01-08,30.84
2019-01-09,30.77
2019-01-10,30.79
2019-01-11,30.79
2019-01-14,.
2019-01-15,30.82
2019-01-16,30.82
2019-01-17,30.86
2019-01-18,30.86
2019-01-21,.
2019-01-22,30.89
2019-01-23,30.86
2019-01-24,30.87
2019-01-25,30.71
2019-01-28,30.78
2019-01-29,30.8
2019-01-30,30.77
2019-01-31,30.69
2019-02-01,30.78
2019-02-04,30.77
2019-02-05,30.77
2019-02-06,30.78
2019-02-07,30.81
2019-02-08,30.82
2019-02-11,30.88
2019-02-12,30.82
2019-02-13,30.84
2019-02-14,30.86
2019-02-15,30.82
2019-02-18,.
2019-02-19,30.81
2019-02-20,.
2019-02-21,30.8
2019-02-22,30.71
2019-02-25,30.74
2019-02-26,30.76
2019-02-27,30.78
2019-02-28,30.83
2019-03-01,30.84
2019-03-04,30.83
2019-03-05,30.84
2019-03-06,30.84
2019-03-07,30.91
2019-03-08,30.88
2019-03-11,30.91
2019-03-12,30.91
2019-03-13,30.9
2019-03-14,30.92
2019-03-15,30.85
2019-03-18,30.78
2019-03-19,30.8
2019-03-20,30.8
2019-03-21,30.82
2019-03-22,30.87
2019-03-25,30.82
2019-03-26,30.84
2019-03-27,30.89
2019-03-28,30.88
2019-03-29,30.86
2019-04-01,30.8
2019-04-02,30.84
2019-04-03,30.8
2019-04-04,30.81
2019-04-05,30.82
2019-04-08,30.82
2019-04-09,30.83
2019-04-10,30.83
2019-04-11,30.85
2019-04-12,30.84
2019-04-15,30.85
2019-04-16,30.85
2019-04-17,30.79
2019-04-18,30.83
2019-04-19,30.82
2019-04-22,30.84
2019-04-23,30.86
2019-04-24,30.89
2019-04-25,30.94
2019-04-26,30.9
2019-04-29,30.91
2019-04-30,30.91
2019-05-01,30.89
2019-05-02,30.92
2019-05-03,30.87
2019-05-06,30.92
2019-05-07,30.95
2019-05-08,30.93
2019-05-09,31.01
2019-05-10,30.95
2019-05-13,31.16
2019-05-14,31.07
2019-05-15,31.11
2019-05-16,31.11
2019-05-17,31.31
2019-05-20,31.4
2019-05-21,31.48
2019-05-22,31.52
2019-05-23,31.52
2019-05-24,31.52
2019-05-27,.
2019-05-28,31.47
2019-05-29,31.58
2019-05-30,31.6
2019-05-31,31.59
2019-06-03,31.41
2019-06-04,31.46
2019-06-05,31.35
2019-06-06,31.32
2019-06-07,31.42
2019-06-10,31.43
2019-06-11,31.39
2019-06-12,31.41
2019-06-13,31.48
2019-06-14,31.51
2019-06-17,31.51
2019-06-18,31.35
2019-06-19,31.51
2019-06-20,30.99
2019-06-21,31.02
2019-06-24,31.03
2019-06-25,31.09
2019-06-26,31.05
2019-06-27,31.05
2019-06-28,31.01
2019-07-01,30.97
2019-07-02,31.04
2019-07-03,31.08
2019-07-04,.
2019-07-05,31.18
2019-07-08,31.17
2019-07-09,31.17
2019-07-10,31.13
2019-07-11,31.02
2019-07-12,31.07
2019-07-15,31.04
2019-07-16,31.04
2019-07-17,31.07
2019-07-18,31.04
2019-07-19,31.04
2019-07-22,31.07
2019-07-23,31.07
2019-07-24,31.08
2019-07-25,31.08
2019-07-26,31.08
2019-07-29,31.1
2019-07-30,31.06
2019-07-31,31.09
2019-08-01,31.15
2019-08-02,31.38
2019-08-05,31.63
2019-08-06,31.48
2019-08-07,31.51
2019-08-08,31.34
2019-08-09,31.41
2019-08-12,31.4
2019-08-13,31.5
2019-08-14,31.36
2019-08-15,31.33
2019-08-16,31.3
2019-08-19,31.36
2019-08-20,31.39
2019-08-21,31.33
2019-08-22,31.36
2019-08-23,31.43
2019-08-26,31.41
2019-08-27,31.39
2019-08-28,31.43
2019-08-29,31.34
2019-08-30,31.32
2019-09-02,.
2019-09-03,31.38
2019-09-04,31.3
2019-09-05,31.26
2019-09-06,31.22
2019-09-09,31.21
2019-09-10,31.22
2019-09-11,31.13
2019-09-12,31.03
2019-09-13,30.88
2019-09-16,30.9
2019-09-17,30.95
2019-09-18,30.95
2019-09-19,30.98
2019-09-20,30.93
2019-09-23,30.98
2019-09-24,31.01
2019-09-25,31.04
2019-09-26,31.02
2019-09-27,31.05
2019-09-30,31.05
2019-10-01,31.07
2019-10-02,31.06
2019-10-03,30.97
2019-10-04,30.92
2019-10-07,30.89
2019-10-08,30.81
2019-10-09,30.83
2019-10-10,30.75
2019-10-11,30.75
2019-10-14,.
2019-10-15,30.62
2019-10-16,30.69
2019-10-17,30.63
2019-10-18,30.59
2019-10-21,30.56
2019-10-22,30.58
2019-10-23,30.6
2019-10-24,30.57
2019-10-25,30.59
2019-10-28,30.56
2019-10-29,30.52
2019-10-30,30.43
2019-10-31,30.44
2019-11-01,30.45
2019-11-04,30.42
2019-11-05,30.39
2019-11-06,30.39
2019-11-07,30.35
2019-11-08,30.37
2019-11-11,.
2019-11-12,30.41
2019-11-13,30.5
2019-11-14,30.55
2019-11-15,30.5
2019-11-18,30.5
2019-11-19,30.5
2019-11-20,30.5
2019-11-21,30.52
2019-11-22,30.51
2019-11-25,30.51
2019-11-26,30.51
2019-11-27,30.5
2019-11-28,.
2019-11-29,30.5
2019-12-02,30.51
2019-12-03,30.5
2019-12-04,30.5
2019-12-05,30.48
2019-12-06,30.48
2019-12-09,30.47
2019-12-10,30.47
2019-12-11,30.45
2019-12-12,30.22
2019-12-13,30.24
2019-12-16,30.11
2019-12-17,30.13
2019-12-18,30.15
2019-12-19,30.16
2019-12-20,30.14
2019-12-23,30.14
2019-12-24,30.14
2019-12-25,.
2019-12-26,30.11
2019-12-27,30.09
2019-12-30,30.04
2019-12-31,29.91
2020-01-01,.
2020-01-02,29.99
2020-01-03,30.03
2020-01-06,30.06
2020-01-07,30.05
2020-01-08,30.02
2020-01-09,29.95
2020-01-10,29.97
2020-01-13,29.88
2020-01-14,29.89
2020-01-15,29.91
2020-01-16,29.93
2020-01-17,29.93
2020-01-20,.
2020-01-21,29.98
2020-01-22,29.97
2020-01-23,30.04
2020-01-24,30.03
2020-01-27,30.1
2020-01-28,30.1
2020-01-29,30.1
2020-01-30,30.26
2020-01-31,30.23
2020-02-03,30.29
2020-02-04,30.12
2020-02-05,30.0
2020-02-06,30.04
2020-02-07,30.1
2020-02-10,30.08
2020-02-11,30.02
2020-02-12,29.98
2020-02-13,29.98
2020-02-14,30.02
2020-02-17,.
2020-02-18,30.11
2020-02-19,30.11
2020-02-20,30.26
2020-02-21,30.4
2020-02-24,30.45
2020-02-25,30.34
2020-02-26,30.28
2020-02-27,30.23
2020-02-28,30.18
2020-03-02,29.88
2020-03-03,29.82
2020-03-04,29.92
2020-03-05,29.91
2020-03-06,29.94
2020-03-09,29.97
2020-03-10,29.91
2020-03-11,30.07
2020-03-12,30.18
2020-03-13,30.13
2020-03-16,30.19
2020-03-17,30.21
2020-03-18,30.37
2020-03-19,30.4
2020-03-20,30.3
2020-03-23,30.33
2020-03-24,30.16
2020-03-25,30.29
2020-03-26,30.19
2020-03-27,30.21
2020-03-30,30.24
2020-03-31,30.25
2020-04-01,30.29
2020-04-02,30.2
2020-04-03,30.26
2020-04-06,30.21
2020-04-07,30.08
2020-04-08,30.11
2020-04-09,30.01
2020-04-10,30.06
2020-04-13,30.06
2020-04-14,30.07
2020-04-15,30.04
2020-04-16,30.11
2020-04-17,30.07
2020-04-20,30.04
2020-04-21,30.1
2020-04-22,30.1
2020-04-23,30.08
2020-04-24,30.1
2020-04-27,30.02
2020-04-28,29.99
2020-04-29,29.89
2020-04-30,29.72
2020-05-01,29.72
2020-05-04,29.82
2020-05-05,29.84
2020-05-06,29.9
2020-05-07,29.9
2020-05-08,29.87
2020-05-11,29.87
2020-05-12,29.88
2020-05-13,29.91
2020-05-14,29.91
2020-05-15,29.94
2020-05-18,29.96
2020-05-19,29.94
2020-05-20,29.97
2020-05-21,29.91
2020-05-22,30.08
2020-05-25,.
2020-05-26,29.97
2020-05-27,30.04
2020-05-28,29.97
2020-05-29,30.01
2020-06-01,29.91
2020-06-02,29.91
2020-06-03,29.88
2020-06-04,29.9
2020-06-05,29.78
2020-06-08,29.75
2020-06-09,29.68
2020-06-10,29.54
2020-06-11,29.65
2020-06-12,29.63
2020-06-15,29.67
2020-06-16,29.65
2020-06-17,29.64
2020-06-18,29.59
2020-06-19,29.59
2020-06-22,29.6
2020-06-23,29.54
2020-06-24,29.52
2020-06-25,29.52
2020-06-26,29.51
2020-06-29,29.45
2020-06-30,29.44
2020-07-01,29.43
2020-07-02,29.45
2020-07-03,.
2020-07-06,29.4
2020-07-07,29.45
2020-07-08,29.43
2020-07-09,29.42
2020-07-10,29.45
2020-07-13,29.42
2020-07-14,29.45
2020-07-15,29.5
2020-07-16,29.44
2020-07-17,29.46
2020-07-20,29.45
2020-07-21,29.4
2020-07-22,29.41
2020-07-23,29.41
2020-07-24,29.45
2020-07-27,29.31
2020-07-28,29.3
2020-07-29,29.26
2020-07-30,29.32
2020-07-31,29.34
2020-08-03,29.35
2020-08-04,29.38
2020-08-05,29.34
2020-08-06,29.37
2020-08-07,29.39
2020-08-10,29.39
2020-08-11,29.39
2020-08-12,29.37
2020-08-13,29.43
2020-08-14,29.38
2020-08-17,29.38
2020-08-18,29.39
2020-08-19,29.37
2020-08-20,29.42
2020-08-21,29.4
2020-08-24,29.38
2020-08-25,29.38
2020-08-26,29.34
2020-08-27,29.36
2020-08-28,29.34
2020-08-31,29.37
2020-09-01,29.36
2020-09-02,29.36
2020-09-03,29.35
2020-09-04,29.32
2020-09-07,.
2020-09-08,29.25
2020-09-09,29.29
2020-09-10,29.27
2020-09-11,29.3
2020-09-14,29.23
2020-09-15,29.23
2020-09-16,29.21
2020-09-17,29.14
2020-09-18,29.02
2020-09-21,28.99
2020-09-22,29.05
2020-09-23,29.15
2020-09-24,29.31
2020-09-25,29.25
2020-09-28,29.08
2020-09-29,29.03
2020-09-30,28.95
2020-10-01,28.86
2020-10-02,28.91
2020-10-05,28.75
2020-10-06,28.79
2020-10-07,28.66
2020-10-08,28.65
2020-10-09,28.62
